id;ncm;cest;segmento;item;descricao;mva;aliquota;fundamentacao
1;3815.12.10;01.001.00;AUTOPEÇAS;1;Catalisadores em colmeia cerâmica ou metálica para conversão catalítica de gases de escape de veículos e outros catalisadores;41,24;18;Anexo XIV da Portaria CAT nº 68/2019 c/c Portaria CAT 45/17, alterada pela Portaria CAT 005/2022
2;3815.12.90;01.001.00;AUTOPEÇAS;1;Catalisadores em colmeia cerâmica ou metálica para conversão catalítica de gases de escape de veículos e outros catalisadores;41,24;18;Anexo XIV da Portaria CAT nº 68/2019 c/c Portaria CAT 45/17, alterada pela Portaria CAT 005/2022
3;3917;01.002.00;AUTOPEÇAS;2;Tubos e seus acessórios (por exemplo, juntas, cotovelos, flanges, uniões), de plásticos;41,24;18;Anexo XIV da Portaria CAT nº 68/2019 c/c Portaria CAT 45/17, alterada pela Portaria CAT 005/2022
4;3918.10.00;01.003.00;AUTOPEÇAS;3;Protetores de caçamba;41,24;18;Anexo XIV da Portaria CAT nº 68/2019 c/c Portaria CAT 45/17, alterada pela Portaria CAT 005/2022
6;3926.30.00;01.005.00;AUTOPEÇAS;5;Frisos, decalques, molduras e acabamentos;41,24;18;Anexo XIV da Portaria CAT nº 68/2019 c/c Portaria CAT 45/17, alterada pela Portaria CAT 005/2022
7;4010.3;01.006.00;AUTOPEÇAS;6;Correias de transmissão de borracha vulcanizada, de matérias têxteis, mesmo impregnadas, revestidas ou recobertas, de plástico, ou estratificadas com plástico ou reforçadas com metal ou com outras matérias;41,24;18;Anexo XIV da Portaria CAT nº 68/2019 c/c Portaria CAT 45/17, alterada pela Portaria CAT 005/2022
8;5910.00.00;01.006.00;AUTOPEÇAS;6;Correias de transmissão de borracha vulcanizada, de matérias têxteis, mesmo impregnadas, revestidas ou recobertas, de plástico, ou estratificadas com plástico ou reforçadas com metal ou com outras matérias;41,24;18;Anexo XIV da Portaria CAT nº 68/2019 c/c Portaria CAT 45/17, alterada pela Portaria CAT 005/2022
9;4016.93.00;01.007.00;AUTOPEÇAS;7;Juntas, gaxetas e outros elementos com função semelhante de vedação;41,24;18;Anexo XIV da Portaria CAT nº 68/2019 c/c Portaria CAT 45/17, alterada pela Portaria CAT 005/2022
11;4016.10.10;01.008.00;AUTOPEÇAS;8;Partes de veículos automóveis, tratores e máquinas autopropulsadas;41,24;18;Anexo XIV da Portaria CAT nº 68/2019 c/c Portaria CAT 45/17, alterada pela Portaria CAT 005/2022
12;4016.99.90;01.009.00;AUTOPEÇAS;9;Tapetes, revestimentos, mesmo confeccionados, batentes, buchas e coxins;41,24;18;Anexo XIV da Portaria CAT nº 68/2019 c/c Portaria CAT 45/17, alterada pela Portaria CAT 005/2022
13;5705.00.00;01.009.00;AUTOPEÇAS;9;Tapetes, revestimentos, mesmo confeccionados, batentes, buchas e coxins;41,24;18;Anexo XIV da Portaria CAT nº 68/2019 c/c Portaria CAT 45/17, alterada pela Portaria CAT 005/2022
14;5903.90.00;01.010.00;AUTOPEÇAS;10;Tecidos impregnados, revestidos, recobertos ou estratificados, com plástico;41,24;18;Anexo XIV da Portaria CAT nº 68/2019 c/c Portaria CAT 45/17, alterada pela Portaria CAT 005/2022
15;5909.00.00;01.011.00;AUTOPEÇAS;11;Mangueiras e tubos semelhantes, de matérias têxteis, mesmo com reforço ou acessórios de outras matérias;41,24;18;Anexo XIV da Portaria CAT nº 68/2019 c/c Portaria CAT 45/17, alterada pela Portaria CAT 005/2022
16;6306.1;01.012.00;AUTOPEÇAS;12;Encerados e toldos;41,24;18;Anexo XIV da Portaria CAT nº 68/2019 c/c Portaria CAT 45/17, alterada pela Portaria CAT 005/2022
17;6506.10.00;01.013.00;AUTOPEÇAS;13;Capacetes e artefatos de uso semelhante, de proteção, para uso em motocicletas, incluídos ciclomotores;41,24;18;Anexo XIV da Portaria CAT nº 68/2019 c/c Portaria CAT 45/17, alterada pela Portaria CAT 005/2022
18;6813;01.014.00;AUTOPEÇAS;14;Guarnições de fricção (por exemplo, placas, rolos, tiras, segmentos, discos, anéis, pastilhas), não montadas, para freios, embreagens ou qualquer outro mecanismo de fricção, à base de amianto, de outras substâncias minerais ou de celulose, mesmo combinadas com têxteis ou outras matérias;41,24;18;Anexo XIV da Portaria CAT nº 68/2019 c/c Portaria CAT 45/17, alterada pela Portaria CAT 005/2022
19;7007.11.00;01.015.00;AUTOPEÇAS;15;Vidros de dimensões e formatos que permitam aplicação automotiva;41,24;18;Anexo XIV da Portaria CAT nº 68/2019 c/c Portaria CAT 45/17, alterada pela Portaria CAT 005/2022
20;7007.21.00;01.015.00;AUTOPEÇAS;15;Vidros de dimensões e formatos que permitam aplicação automotiva;41,24;18;Anexo XIV da Portaria CAT nº 68/2019 c/c Portaria CAT 45/17, alterada pela Portaria CAT 005/2022
21;7009.10.00;01.016.00;AUTOPEÇAS;16;Espelhos retrovisores;41,24;18;Anexo XIV da Portaria CAT nº 68/2019 c/c Portaria CAT 45/17, alterada pela Portaria CAT 005/2022
22;7014.00.00;01.017.00;AUTOPEÇAS;17;Lentes de faróis, lanternas e outros utensílios;41,24;18;Anexo XIV da Portaria CAT nº 68/2019 c/c Portaria CAT 45/17, alterada pela Portaria CAT 005/2022
23;7311.00.00;01.018.00;AUTOPEÇAS;18;Cilindro de aço para GNV (gás natural veicular);41,24;18;Anexo XIV da Portaria CAT nº 68/2019 c/c Portaria CAT 45/17, alterada pela Portaria CAT 005/2022
24;7311.00.00;01.019.00;AUTOPEÇAS;19;Recipientes para gases comprimidos ou liquefeitos, de ferro fundido, ferro ou aço, exceto o descrito no item 18.0;41,24;18;Anexo XIV da Portaria CAT nº 68/2019 c/c Portaria CAT 45/17, alterada pela Portaria CAT 005/2022
25;7320;01.020.00;AUTOPEÇAS;20;Molas e folhas de molas, de ferro ou aço;41,24;18;Anexo XIV da Portaria CAT nº 68/2019 c/c Portaria CAT 45/17, alterada pela Portaria CAT 005/2022
26;7325;01.021.00;AUTOPEÇAS;21;Obras moldadas, de ferro fundido, ferro ou aço, exceto as do código 7325.91.00;41,24;18;Anexo XIV da Portaria CAT nº 68/2019 c/c Portaria CAT 45/17, alterada pela Portaria CAT 005/2022
27;7806;01.022.00;AUTOPEÇAS;22;Peso de chumbo para balanceamento de roda;41,24;18;Anexo XIV da Portaria CAT nº 68/2019 c/c Portaria CAT 45/17, alterada pela Portaria CAT 005/2022
28;8007.00.90;01.023.00;AUTOPEÇAS;23;Peso para balanceamento de roda e outros utensílios de estanho;41,24;18;Anexo XIV da Portaria CAT nº 68/2019 c/c Portaria CAT 45/17, alterada pela Portaria CAT 005/2022
29;8301.2;01.024.00;AUTOPEÇAS;24;Fechaduras e partes de fechaduras;41,24;18;Anexo XIV da Portaria CAT nº 68/2019 c/c Portaria CAT 45/17, alterada pela Portaria CAT 005/2022
30;8301.6;01.024.00;AUTOPEÇAS;24;Fechaduras e partes de fechaduras;41,24;18;Anexo XIV da Portaria CAT nº 68/2019 c/c Portaria CAT 45/17, alterada pela Portaria CAT 005/2022
31;8301.7;01.025.00;AUTOPEÇAS;25;Chaves apresentadas isoladamente;41,24;18;Anexo XIV da Portaria CAT nº 68/2019 c/c Portaria CAT 45/17, alterada pela Portaria CAT 005/2022
32;8302.10.00;01.026.00;AUTOPEÇAS;26;Dobradiças, guarnições, ferragens e artigos semelhantes de metais comuns;41,24;18;Anexo XIV da Portaria CAT nº 68/2019 c/c Portaria CAT 45/17, alterada pela Portaria CAT 005/2022
33;8302.30.00;01.026.00;AUTOPEÇAS;26;Dobradiças, guarnições, ferragens e artigos semelhantes de metais comuns;41,24;18;Anexo XIV da Portaria CAT nº 68/2019 c/c Portaria CAT 45/17, alterada pela Portaria CAT 005/2022
34;8310;01.027.00;AUTOPEÇAS;27;Triângulo de segurança;41,24;18;Anexo XIV da Portaria CAT nº 68/2019 c/c Portaria CAT 45/17, alterada pela Portaria CAT 005/2022
35;8407.3;01.028.00;AUTOPEÇAS;28;Motores de pistão alternativo dos tipos utilizados para propulsão de veículos do Capítulo 87;41,24;18;Anexo XIV da Portaria CAT nº 68/2019 c/c Portaria CAT 45/17, alterada pela Portaria CAT 005/2022
36;8408.2;01.029.00;AUTOPEÇAS;29;Motores dos tipos utilizados para propulsão de veículos automotores;41,24;18;Anexo XIV da Portaria CAT nº 68/2019 c/c Portaria CAT 45/17, alterada pela Portaria CAT 005/2022
37;8409.9;01.030.00;AUTOPEÇAS;30;Partes reconhecíveis como exclusiva ou principalmente destinadas aos motores das posições 8407 ou 8408;41,24;18;Anexo XIV da Portaria CAT nº 68/2019 c/c Portaria CAT 45/17, alterada pela Portaria CAT 005/2022
38;8412.2;01.031.00;AUTOPEÇAS;31;Motores hidráulicos;41,24;18;Anexo XIV da Portaria CAT nº 68/2019 c/c Portaria CAT 45/17, alterada pela Portaria CAT 005/2022
39;8413.3;01.032.00;AUTOPEÇAS;32;Bombas para combustíveis, lubrificantes ou líquidos de arrefecimento, próprias para motores de ignição por centelha ou por compressão;41,24;18;Anexo XIV da Portaria CAT nº 68/2019 c/c Portaria CAT 45/17, alterada pela Portaria CAT 005/2022
40;8414.10.00;01.033.00;AUTOPEÇAS;33;Bombas de vácuo;41,24;18;Anexo XIV da Portaria CAT nº 68/2019 c/c Portaria CAT 45/17, alterada pela Portaria CAT 005/2022
41;8414.80.1;01.034.00;AUTOPEÇAS;34;Compressores e turbocompressores de ar;41,24;18;Anexo XIV da Portaria CAT nº 68/2019 c/c Portaria CAT 45/17, alterada pela Portaria CAT 005/2022
42;8414.80.2;01.034.00;AUTOPEÇAS;34;Compressores e turbocompressores de ar;41,24;18;Anexo XIV da Portaria CAT nº 68/2019 c/c Portaria CAT 45/17, alterada pela Portaria CAT 005/2022
43;8413.91.90;01.035.00;AUTOPEÇAS;35;Partes das bombas, compressores e turbocompressores dos itens 32.0, 33.0 e 34.0;41,24;18;Anexo XIV da Portaria CAT nº 68/2019 c/c Portaria CAT 45/17, alterada pela Portaria CAT 005/2022
44;8414.90.10;01.035.00;AUTOPEÇAS;35;Partes das bombas, compressores e turbocompressores dos itens 32.0, 33.0 e 34.0;41,24;18;Anexo XIV da Portaria CAT nº 68/2019 c/c Portaria CAT 45/17, alterada pela Portaria CAT 005/2022
45;8414.90.3;01.035.00;AUTOPEÇAS;35;Partes das bombas, compressores e turbocompressores dos itens 32.0, 33.0 e 34.0;41,24;18;Anexo XIV da Portaria CAT nº 68/2019 c/c Portaria CAT 45/17, alterada pela Portaria CAT 005/2022
46;8414.90.39;01.035.00;AUTOPEÇAS;35;Partes das bombas, compressores e turbocompressores dos itens 32.0, 33.0 e 34.0;41,24;18;Anexo XIV da Portaria CAT nº 68/2019 c/c Portaria CAT 45/17, alterada pela Portaria CAT 005/2022
47;8415.2;01.036.00;AUTOPEÇAS;36;Máquinas e aparelhos de ar condicionado;41,24;18;Anexo XIV da Portaria CAT nº 68/2019 c/c Portaria CAT 45/17, alterada pela Portaria CAT 005/2022
48;8421.23.00;01.037.00;AUTOPEÇAS;37;Aparelhos para filtrar óleos minerais nos motores de ignição por centelha ou por compressão;41,24;18;Anexo XIV da Portaria CAT nº 68/2019 c/c Portaria CAT 45/17, alterada pela Portaria CAT 005/2022
49;8421.29.90;01.038.00;AUTOPEÇAS;38;Filtros a vácuo;41,24;18;Anexo XIV da Portaria CAT nº 68/2019 c/c Portaria CAT 45/17, alterada pela Portaria CAT 005/2022
50;8421.9;01.039.00;AUTOPEÇAS;39;Partes dos aparelhos para filtrar ou depurar líquidos ou gases;41,24;18;Anexo XIV da Portaria CAT nº 68/2019 c/c Portaria CAT 45/17, alterada pela Portaria CAT 005/2022
51;8424.10.00;01.040.00;AUTOPEÇAS;40;Extintores, mesmo carregados;41,24;18;Anexo XIV da Portaria CAT nº 68/2019 c/c Portaria CAT 45/17, alterada pela Portaria CAT 005/2022
52;8421.31.00;01.041.00;AUTOPEÇAS;41;Filtros de entrada de ar para motores de ignição por centelha ou por compressão;41,24;18;Anexo XIV da Portaria CAT nº 68/2019 c/c Portaria CAT 45/17, alterada pela Portaria CAT 005/2022
54;8425.42.00;01.043.00;AUTOPEÇAS;43;Macacos;41,24;18;Anexo XIV da Portaria CAT nº 68/2019 c/c Portaria CAT 45/17, alterada pela Portaria CAT 005/2022
55;8431.10.10;01.044.00;AUTOPEÇAS;44;Partes para macacos do item 43.0;41,24;18;Anexo XIV da Portaria CAT nº 68/2019 c/c Portaria CAT 45/17, alterada pela Portaria CAT 005/2022
56;8431.49.2;01.045.00;AUTOPEÇAS;45;Partes reconhecíveis como exclusiva ou principalmente destinadas às máquinas agrícolas ou rodoviárias;41,24;18;Anexo XIV da Portaria CAT nº 68/2019 c/c Portaria CAT 45/17, alterada pela Portaria CAT 005/2022
58;8481.10.00;01.046.00;AUTOPEÇAS;46;Válvulas redutoras de pressão;41,24;18;Anexo XIV da Portaria CAT nº 68/2019 c/c Portaria CAT 45/17, alterada pela Portaria CAT 005/2022
59;8481.2;01.047.00;AUTOPEÇAS;47;Válvulas para transmissão óleo-hidráulicas ou pneumáticas;41,24;18;Anexo XIV da Portaria CAT nº 68/2019 c/c Portaria CAT 45/17, alterada pela Portaria CAT 005/2022
60;8481.80.92;01.048.00;AUTOPEÇAS;48;Válvulas solenóides;41,24;18;Anexo XIV da Portaria CAT nº 68/2019 c/c Portaria CAT 45/17, alterada pela Portaria CAT 005/2022
61;8482;01.049.00;AUTOPEÇAS;49;Rolamentos;41,24;18;Anexo XIV da Portaria CAT nº 68/2019 c/c Portaria CAT 45/17, alterada pela Portaria CAT 005/2022
62;8483;01.050.00;AUTOPEÇAS;50;"Árvores de transmissão (incluídas as árvores de “cames”e virabrequins) e manivelas; mancais e “bronzes”; engrenagens e rodas de fricção; eixos de esferas ou de roletes; redutores, multiplicadores, caixas de transmissão e variadores de velocidade, incluídos os conversores de torque; volantes e polias, incluídas as polias para cadernais; embreagens e dispositivos de acoplamento, incluídas as juntas de articulação";41,24;18;Anexo XIV da Portaria CAT nº 68/2019 c/c Portaria CAT 45/17, alterada pela Portaria CAT 005/2022
63;8484;01.051.00;AUTOPEÇAS;51;"Juntas metaloplásticas; jogos ou sortidos de juntas de composições diferentes, apresentados em bolsas, envelopes ou embalagens semelhantes; juntas de vedação mecânicas (selos mecânicos)";41,24;18;Anexo XIV da Portaria CAT nº 68/2019 c/c Portaria CAT 45/17, alterada pela Portaria CAT 005/2022
64;8505.2;01.052.00;AUTOPEÇAS;52;Acoplamentos, embreagens, variadores de velocidade e freios, eletromagnéticos;41,24;18;Anexo XIV da Portaria CAT nº 68/2019 c/c Portaria CAT 45/17, alterada pela Portaria CAT 005/2022
65;8507.1;01.053.00;AUTOPEÇAS;53;Acumuladores elétricos de chumbo, do tipo utilizado para o arranque dos motores de pistão;41,24;18;Anexo XIV da Portaria CAT nº 68/2019 c/c Portaria CAT 45/17, alterada pela Portaria CAT 005/2022
66;8511;01.054.00;AUTOPEÇAS;54;"Aparelhos e dispositivos elétricos de ignição ou de arranque para motores de ignição por centelha ou por compressão (por exemplo, magnetos, dínamos-magnetos, bobinas de ignição, velas de ignição ou de aquecimento, motores de arranque); geradores (dínamos e alternadores, por exemplo) e conjuntores-disjuntores utilizados com estes motores";41,24;18;Anexo XIV da Portaria CAT nº 68/2019 c/c Portaria CAT 45/17, alterada pela Portaria CAT 005/2022
67;8512.2;01.055.00;AUTOPEÇAS;55;Aparelhos elétricos de iluminação ou de sinalização (exceto os da posição 8539), limpadores de para-brisas, degeladores e desembaçadores (desembaciadores) elétricos e suas partes;41,24;18;Anexo XIV da Portaria CAT nº 68/2019 c/c Portaria CAT 45/17, alterada pela Portaria CAT 005/2022
68;8512.4;01.055.00;AUTOPEÇAS;55;Aparelhos elétricos de iluminação ou de sinalização (exceto os da posição 8539), limpadores de para-brisas, degeladores e desembaçadores (desembaciadores) elétricos e suas partes;41,24;18;Anexo XIV da Portaria CAT nº 68/2019 c/c Portaria CAT 45/17, alterada pela Portaria CAT 005/2022
69;8512.90.00;01.055.00;AUTOPEÇAS;55;Aparelhos elétricos de iluminação ou de sinalização (exceto os da posição 8539), limpadores de para-brisas, degeladores e desembaçadores (desembaciadores) elétricos e suas partes;41,24;18;Anexo XIV da Portaria CAT nº 68/2019 c/c Portaria CAT 45/17, alterada pela Portaria CAT 005/2022
71;8518;01.057.00;AUTOPEÇAS;57;Alto-falantes, amplificadores elétricos de audiofrequência e partes;41,24;18;Anexo XIV da Portaria CAT nº 68/2019 c/c Portaria CAT 45/17, alterada pela Portaria CAT 005/2022
72;8518.50.00;01.058.00;AUTOPEÇAS;58;Aparelhos elétricos de amplificação de som para veículos automotores;41,24;18;Anexo XIV da Portaria CAT nº 68/2019 c/c Portaria CAT 45/17, alterada pela Portaria CAT 005/2022
73;8519.81;01.059.00;AUTOPEÇAS;59;Aparelhos de reprodução de som;41,24;18;Anexo XIV da Portaria CAT nº 68/2019 c/c Portaria CAT 45/17, alterada pela Portaria CAT 005/2022
74;8525.50.1;01.060.00;AUTOPEÇAS;60;Aparelhos transmissores (emissores) de radiotelefonia ou radiotelegrafia (rádio receptor/transmissor);41,24;18;Anexo XIV da Portaria CAT nº 68/2019 c/c Portaria CAT 45/17, alterada pela Portaria CAT 005/2022
75;8525.60.10;01.060.00;AUTOPEÇAS;60;Aparelhos transmissores (emissores) de radiotelefonia ou radiotelegrafia (rádio receptor/transmissor);41,24;18;Anexo XIV da Portaria CAT nº 68/2019 c/c Portaria CAT 45/17, alterada pela Portaria CAT 005/2022
76;8527.2;01.061.00;AUTOPEÇAS;61;Aparelhos receptores de radiodifusão que só funcionam com fonte externa de energia, exceto os classificados na posição 8527.21.90;41,24;18;Anexo XIV da Portaria CAT nº 68/2019 c/c Portaria CAT 45/17, alterada pela Portaria CAT 005/2022
78;8529.10.90;01.063.00;AUTOPEÇAS;63;Antenas;41,24;18;Anexo XIV da Portaria CAT nº 68/2019 c/c Portaria CAT 45/17, alterada pela Portaria CAT 005/2022
80;8535.3;01.065.00;AUTOPEÇAS;65;Interruptores e seccionadores e comutadores;41,24;18;Anexo XIV da Portaria CAT nº 68/2019 c/c Portaria CAT 45/17, alterada pela Portaria CAT 005/2022
81;8536.5;01.065.00;AUTOPEÇAS;65;Interruptores e seccionadores e comutadores;41,24;18;Anexo XIV da Portaria CAT nº 68/2019 c/c Portaria CAT 45/17, alterada pela Portaria CAT 005/2022
82;8536.10.00;01.066.00;AUTOPEÇAS;66;Fusíveis e corta-circuitos de fusíveis;41,24;18;Anexo XIV da Portaria CAT nº 68/2019 c/c Portaria CAT 45/17, alterada pela Portaria CAT 005/2022
83;8536.20.00;01.067.00;AUTOPEÇAS;67;Disjuntores;41,24;18;Anexo XIV da Portaria CAT nº 68/2019 c/c Portaria CAT 45/17, alterada pela Portaria CAT 005/2022
84;8536.4;01.068.00;AUTOPEÇAS;68;Relés;41,24;18;Anexo XIV da Portaria CAT nº 68/2019 c/c Portaria CAT 45/17, alterada pela Portaria CAT 005/2022
85;8538;01.069.00;AUTOPEÇAS;69;Partes reconhecíveis como exclusivas ou principalmente destinados aos aparelhos dos itens 65.0, 66.0, 67.0 e 68.0;41,24;18;Anexo XIV da Portaria CAT nº 68/2019 c/c Portaria CAT 45/17, alterada pela Portaria CAT 005/2022
86;8539.1;01.070.00;AUTOPEÇAS;70;Faróis e projetores, em unidades seladas;41,24;18;Anexo XIV da Portaria CAT nº 68/2019 c/c Portaria CAT 45/17, alterada pela Portaria CAT 005/2022
87;8539.2;01.071.00;AUTOPEÇAS;71;Lâmpadas e tubos de incandescência, exceto de raios ultravioleta ou infravermelhos;41,24;18;Anexo XIV da Portaria CAT nº 68/2019 c/c Portaria CAT 45/17, alterada pela Portaria CAT 005/2022
88;8544.20.00;01.072.00;AUTOPEÇAS;72;Cabos coaxiais e outros condutores elétricos coaxiais;41,24;18;Anexo XIV da Portaria CAT nº 68/2019 c/c Portaria CAT 45/17, alterada pela Portaria CAT 005/2022
89;8544.30.00;01.073.00;AUTOPEÇAS;73;Jogos de fios para velas de ignição e outros jogos de fios;41,24;18;Anexo XIV da Portaria CAT nº 68/2019 c/c Portaria CAT 45/17, alterada pela Portaria CAT 005/2022
90;8707;01.074.00;AUTOPEÇAS;74;Carroçarias para os veículos automóveis das posições 8701 a 8705, incluídas as cabinas;41,24;18;Anexo XIV da Portaria CAT nº 68/2019 c/c Portaria CAT 45/17, alterada pela Portaria CAT 005/2022
91;8708;01.075.00;AUTOPEÇAS;75;Partes e acessórios dos veículos automóveis das posições 8701 a 8705;41,24;18;Anexo XIV da Portaria CAT nº 68/2019 c/c Portaria CAT 45/17, alterada pela Portaria CAT 005/2022
92;8714.1;01.076.00;AUTOPEÇAS;76;Parte e acessórios de motocicletas (incluídos os ciclomotores);41,24;18;Anexo XIV da Portaria CAT nº 68/2019 c/c Portaria CAT 45/17, alterada pela Portaria CAT 005/2022
93;8716.90.90;01.077.00;AUTOPEÇAS;77;Engates para reboques e semi-reboques;41,24;18;Anexo XIV da Portaria CAT nº 68/2019 c/c Portaria CAT 45/17, alterada pela Portaria CAT 005/2022
94;9026.1;01.078.00;AUTOPEÇAS;78;"Medidores de nível; Medidores de vazão";41,24;18;Anexo XIV da Portaria CAT nº 68/2019 c/c Portaria CAT 45/17, alterada pela Portaria CAT 005/2022
95;9026.2;01.079.00;AUTOPEÇAS;79;Aparelhos para medida ou controle da pressão;41,24;18;Anexo XIV da Portaria CAT nº 68/2019 c/c Portaria CAT 45/17, alterada pela Portaria CAT 005/2022
96;9029;01.080.00;AUTOPEÇAS;80;Contadores, indicadores de velocidade e tacômetros, suas partes e acessórios;41,24;18;Anexo XIV da Portaria CAT nº 68/2019 c/c Portaria CAT 45/17, alterada pela Portaria CAT 005/2022
97;9030.33.21;01.081.00;AUTOPEÇAS;81;Amperímetros;41,24;18;Anexo XIV da Portaria CAT nº 68/2019 c/c Portaria CAT 45/17, alterada pela Portaria CAT 005/2022
98;9031.80.40;01.082.00;AUTOPEÇAS;82;Aparelhos digitais, de uso em veículos automóveis, para medida e indicação de múltiplas grandezas tais como: velocidade média, consumos instantâneo e médio e autonomia (computador de bordo);41,24;18;Anexo XIV da Portaria CAT nº 68/2019 c/c Portaria CAT 45/17, alterada pela Portaria CAT 005/2022
99;9032.89.2;01.083.00;AUTOPEÇAS;83;Controladores eletrônicos;41,24;18;Anexo XIV da Portaria CAT nº 68/2019 c/c Portaria CAT 45/17, alterada pela Portaria CAT 005/2022
100;9104.00.00;01.084.00;AUTOPEÇAS;84;Relógios para painéis de instrumentos e relógios semelhantes;41,24;18;Anexo XIV da Portaria CAT nº 68/2019 c/c Portaria CAT 45/17, alterada pela Portaria CAT 005/2022
101;9401.20.00;01.085.00;AUTOPEÇAS;85;Assentos e partes de assentos;41,24;18;Anexo XIV da Portaria CAT nº 68/2019 c/c Portaria CAT 45/17, alterada pela Portaria CAT 005/2022
103;9613.80.00;01.086.00;AUTOPEÇAS;86;Acendedores;41,24;18;Anexo XIV da Portaria CAT nº 68/2019 c/c Portaria CAT 45/17, alterada pela Portaria CAT 005/2022
104;4009;01.087.00;AUTOPEÇAS;87;Tubos de borracha vulcanizada não endurecida, mesmo providos de seus acessórios;41,24;18;Anexo XIV da Portaria CAT nº 68/2019 c/c Portaria CAT 45/17, alterada pela Portaria CAT 005/2022
105;4504.90.00 6812.99.10;01.088.00;AUTOPEÇAS;88;Juntas de vedação de cortiça natural e de amianto;41,24;18;Anexo XIV da Portaria CAT nº 68/2019 c/c Portaria CAT 45/17, alterada pela Portaria CAT 005/2022
106;4823.40.00;01.089.00;AUTOPEÇAS;89;Papel-diagrama para tacógrafo, em disco;41,24;18;Anexo XIV da Portaria CAT nº 68/2019 c/c Portaria CAT 45/17, alterada pela Portaria CAT 005/2022
108;8412.31.10;01.091.00;AUTOPEÇAS;91;Cilindros pneumáticos;41,24;18;Anexo XIV da Portaria CAT nº 68/2019 c/c Portaria CAT 45/17, alterada pela Portaria CAT 005/2022
109;8413.19.00 8413.50.90 8413.81.00;01.092.00;AUTOPEÇAS;92;Bomba elétrica de lavador de para-brisa;41,24;18;Anexo XIV da Portaria CAT nº 68/2019 c/c Portaria CAT 45/17, alterada pela Portaria CAT 005/2022
110;8413.60.19 8413.70.10;01.093.00;AUTOPEÇAS;93;Bomba de assistência de direção hidráulica;41,24;18;Anexo XIV da Portaria CAT nº 68/2019 c/c Portaria CAT 45/17, alterada pela Portaria CAT 005/2022
111;8414.59.10 8414.59.90;01.094.00;AUTOPEÇAS;94;Motoventiladores;41,24;18;Anexo XIV da Portaria CAT nº 68/2019 c/c Portaria CAT 45/17, alterada pela Portaria CAT 005/2022
112;8421.39.90;01.095.00;AUTOPEÇAS;95;Filtros de pólen do ar-condicionado;41,24;18;Anexo XIV da Portaria CAT nº 68/2019 c/c Portaria CAT 45/17, alterada pela Portaria CAT 005/2022
113;8501.10.19;01.096.00;AUTOPEÇAS;96;“Máquina” de vidro elétrico de porta;41,24;18;Anexo XIV da Portaria CAT nº 68/2019 c/c Portaria CAT 45/17, alterada pela Portaria CAT 005/2022
114;8501.31.10;01.097.00;AUTOPEÇAS;97;Motor de limpador de para-brisa;41,24;18;Anexo XIV da Portaria CAT nº 68/2019 c/c Portaria CAT 45/17, alterada pela Portaria CAT 005/2022
115;8504.50.00;01.098.00;AUTOPEÇAS;98;Bobinas de reatância e de auto-indução;41,24;18;Anexo XIV da Portaria CAT nº 68/2019 c/c Portaria CAT 45/17, alterada pela Portaria CAT 005/2022
116;8507.2;01.099.00;AUTOPEÇAS;99;Baterias de chumbo e de níquel-cádmio;41,24;18;Anexo XIV da Portaria CAT nº 68/2019 c/c Portaria CAT 45/17, alterada pela Portaria CAT 005/2022
117;8507.3;01.099.00;AUTOPEÇAS;99;Baterias de chumbo e de níquel-cádmio;41,24;18;Anexo XIV da Portaria CAT nº 68/2019 c/c Portaria CAT 45/17, alterada pela Portaria CAT 005/2022
118;8512.30.00;01.100.00;AUTOPEÇAS;100;Aparelhos de sinalização acústica (buzina);41,24;18;Anexo XIV da Portaria CAT nº 68/2019 c/c Portaria CAT 45/17, alterada pela Portaria CAT 005/2022
119;9032.89.8;01.101.00;AUTOPEÇAS;101;Instrumentos para regulação de grandezas não elétricas;41,24;18;Anexo XIV da Portaria CAT nº 68/2019 c/c Portaria CAT 45/17, alterada pela Portaria CAT 005/2022
120;9032.89.9;01.101.00;AUTOPEÇAS;101;Instrumentos para regulação de grandezas não elétricas;41,24;18;Anexo XIV da Portaria CAT nº 68/2019 c/c Portaria CAT 45/17, alterada pela Portaria CAT 005/2022
121;9027.10.00;01.102.00;AUTOPEÇAS;102;Analisadores de gases ou de fumaça (sonda lambda);41,24;18;Anexo XIV da Portaria CAT nº 68/2019 c/c Portaria CAT 45/17, alterada pela Portaria CAT 005/2022
122;4008.11.00;01.103.00;AUTOPEÇAS;103;Perfilados de borracha vulcanizada não endurecida;41,24;18;Anexo XIV da Portaria CAT nº 68/2019 c/c Portaria CAT 45/17, alterada pela Portaria CAT 005/2022
123;5601.22.19;01.104.00;AUTOPEÇAS;104;Artefatos de pasta de fibra de uso automotivo;41,24;18;Anexo XIV da Portaria CAT nº 68/2019 c/c Portaria CAT 45/17, alterada pela Portaria CAT 005/2022
126;5911.90.00;01.107.00;AUTOPEÇAS;107;Forração interior capacete;41,24;18;Anexo XIV da Portaria CAT nº 68/2019 c/c Portaria CAT 45/17, alterada pela Portaria CAT 005/2022
127;6903.90.99;01.108.00;AUTOPEÇAS;108;Outros para-brisas;41,24;18;Anexo XIV da Portaria CAT nº 68/2019 c/c Portaria CAT 45/17, alterada pela Portaria CAT 005/2022
128;7007.29.00;01.109.00;AUTOPEÇAS;109;Moldura com espelho;41,24;18;Anexo XIV da Portaria CAT nº 68/2019 c/c Portaria CAT 45/17, alterada pela Portaria CAT 005/2022
130;7315.11.00;01.111.00;AUTOPEÇAS;111;Corrente transmissão;41,24;18;Anexo XIV da Portaria CAT nº 68/2019 c/c Portaria CAT 45/17, alterada pela Portaria CAT 005/2022
131;7315.12.10;01.112.00;AUTOPEÇAS;112;Outras correntes de transmissão;41,24;18;Anexo XIV da Portaria CAT nº 68/2019 c/c Portaria CAT 45/17, alterada pela Portaria CAT 005/2022
132;8418.99.00;01.113.00;AUTOPEÇAS;113;Condensador tubular metálico;41,24;18;Anexo XIV da Portaria CAT nº 68/2019 c/c Portaria CAT 45/17, alterada pela Portaria CAT 005/2022
133;8419.5;01.114.00;AUTOPEÇAS;114;Trocadores de calor;41,24;18;Anexo XIV da Portaria CAT nº 68/2019 c/c Portaria CAT 45/17, alterada pela Portaria CAT 005/2022
134;8424.90.90;01.115.00;AUTOPEÇAS;115;Partes de aparelhos mecânicos de pulverizar ou dispersar;41,24;18;Anexo XIV da Portaria CAT nº 68/2019 c/c Portaria CAT 45/17, alterada pela Portaria CAT 005/2022
135;8425.49.10;01.116.00;AUTOPEÇAS;116;Macacos manuais para veículos;41,24;18;Anexo XIV da Portaria CAT nº 68/2019 c/c Portaria CAT 45/17, alterada pela Portaria CAT 005/2022
136;8431.41.00;01.117.00;AUTOPEÇAS;117;Caçambas, pás, ganchos e tenazes para máquinas rodoviárias;41,24;18;Anexo XIV da Portaria CAT nº 68/2019 c/c Portaria CAT 45/17, alterada pela Portaria CAT 005/2022
137;8501.61.00;01.118.00;AUTOPEÇAS;118;Geradores de corrente alternada de potência não superior a 75 kva;41,24;18;Anexo XIV da Portaria CAT nº 68/2019 c/c Portaria CAT 45/17, alterada pela Portaria CAT 005/2022
138;8531.10.90;01.119.00;AUTOPEÇAS;119;Aparelhos elétricos para alarme de uso automotivo;41,24;18;Anexo XIV da Portaria CAT nº 68/2019 c/c Portaria CAT 45/17, alterada pela Portaria CAT 005/2022
139;9014.10.00;01.120.00;AUTOPEÇAS;120;Bússolas;41,24;18;Anexo XIV da Portaria CAT nº 68/2019 c/c Portaria CAT 45/17, alterada pela Portaria CAT 005/2022
140;9025.19.90;01.121.00;AUTOPEÇAS;121;Indicadores de temperatura;41,24;18;Anexo XIV da Portaria CAT nº 68/2019 c/c Portaria CAT 45/17, alterada pela Portaria CAT 005/2022
141;9025.90.10;01.122.00;AUTOPEÇAS;122;Partes de indicadores de temperatura;41,24;18;Anexo XIV da Portaria CAT nº 68/2019 c/c Portaria CAT 45/17, alterada pela Portaria CAT 005/2022
142;9026.9;01.123.00;AUTOPEÇAS;123;Partes de aparelhos de medida ou controle;41,24;18;Anexo XIV da Portaria CAT nº 68/2019 c/c Portaria CAT 45/17, alterada pela Portaria CAT 005/2022
143;9032.10.10;01.124.00;AUTOPEÇAS;124;Termostatos;41,24;18;Anexo XIV da Portaria CAT nº 68/2019 c/c Portaria CAT 45/17, alterada pela Portaria CAT 005/2022
144;9032.10.90;01.125.00;AUTOPEÇAS;125;Instrumentos e aparelhos para regulação;41,24;18;Anexo XIV da Portaria CAT nº 68/2019 c/c Portaria CAT 45/17, alterada pela Portaria CAT 005/2022
145;9032.20.00;01.126.00;AUTOPEÇAS;126;Pressostatos;41,24;18;Anexo XIV da Portaria CAT nº 68/2019 c/c Portaria CAT 45/17, alterada pela Portaria CAT 005/2022
149;2205;02.001.00;BEBIDAS ALCOÓLICAS, EXCETO CERVEJA E CHOPE;1;Aperitivos, amargos, bitter e similares;67,13;18;Anexo X da Portaria CAT nº 68/2019 c/c  Portaria CAT nº 051/2022
150;2208.90.00;02.001.00;BEBIDAS ALCOÓLICAS, EXCETO CERVEJA E CHOPE;1;Aperitivos, amargos, bitter e similares;67,13;18;Anexo X da Portaria CAT nº 68/2019 c/c  Portaria CAT nº 051/2022
151;2208.90.00;02.002.00;BEBIDAS ALCOÓLICAS, EXCETO CERVEJA E CHOPE;2;Batida e similares;67,13;18;Anexo X da Portaria CAT nº 68/2019 c/c  Portaria CAT nº 051/2022
152;2208.90.00;02.003.00;BEBIDAS ALCOÓLICAS, EXCETO CERVEJA E CHOPE;3;Bebida ice;67,13;18;Anexo X da Portaria CAT nº 68/2019 c/c  Portaria CAT nº 051/2022
153;2207.2;02.004.00;BEBIDAS ALCOÓLICAS, EXCETO CERVEJA E CHOPE;4;Cachaça e aguardentes;67,13;18;Anexo X da Portaria CAT nº 68/2019 c/c  Portaria CAT nº 051/2022
154;2208.40.00;02.004.00;BEBIDAS ALCOÓLICAS, EXCETO CERVEJA E CHOPE;4;Cachaça e aguardentes;67,13;18;Anexo X da Portaria CAT nº 68/2019 c/c  Portaria CAT nº 051/2022
155;2205;02.005.00;BEBIDAS ALCOÓLICAS, EXCETO CERVEJA E CHOPE;5;Catuaba e similares;67,13;18;Anexo X da Portaria CAT nº 68/2019 c/c  Portaria CAT nº 051/2022
156;2206.00.90;02.005.00;BEBIDAS ALCOÓLICAS, EXCETO CERVEJA E CHOPE;5;Catuaba e similares;67,13;18;Anexo X da Portaria CAT nº 68/2019 c/c  Portaria CAT nº 051/2022
157;2208.90.00;02.005.00;BEBIDAS ALCOÓLICAS, EXCETO CERVEJA E CHOPE;5;Catuaba e similares;67,13;18;Anexo X da Portaria CAT nº 68/2019 c/c  Portaria CAT nº 051/2022
158;2208.20.00;02.006.00;BEBIDAS ALCOÓLICAS, EXCETO CERVEJA E CHOPE;6;Conhaque, brandy e similares;67,13;18;Anexo X da Portaria CAT nº 68/2019 c/c  Portaria CAT nº 051/2022
159;2206.00.90;02.007.00;BEBIDAS ALCOÓLICAS, EXCETO CERVEJA E CHOPE;7;Cooler;67,13;18;Anexo X da Portaria CAT nº 68/2019 c/c  Portaria CAT nº 051/2022
160;2208.90.00;02.007.00;BEBIDAS ALCOÓLICAS, EXCETO CERVEJA E CHOPE;7;Cooler;67,13;18;Anexo X da Portaria CAT nº 68/2019 c/c  Portaria CAT nº 051/2022
161;2208.50.00;02.008.00;BEBIDAS ALCOÓLICAS, EXCETO CERVEJA E CHOPE;8;Gim (gin) e genebra;67,13;18;Anexo X da Portaria CAT nº 68/2019 c/c  Portaria CAT nº 051/2022
162;2205;02.009.00;BEBIDAS ALCOÓLICAS, EXCETO CERVEJA E CHOPE;9;Jurubeba e similares;67,13;18;Anexo X da Portaria CAT nº 68/2019 c/c  Portaria CAT nº 051/2022
163;2206.00.90;02.009.00;BEBIDAS ALCOÓLICAS, EXCETO CERVEJA E CHOPE;9;Jurubeba e similares;67,13;18;Anexo X da Portaria CAT nº 68/2019 c/c  Portaria CAT nº 051/2022
164;2208.90.00;02.009.00;BEBIDAS ALCOÓLICAS, EXCETO CERVEJA E CHOPE;9;Jurubeba e similares;67,13;18;Anexo X da Portaria CAT nº 68/2019 c/c  Portaria CAT nº 051/2022
165;2208.70.00;02.010.00;BEBIDAS ALCOÓLICAS, EXCETO CERVEJA E CHOPE;10;Licores e similares;67,13;18;Anexo X da Portaria CAT nº 68/2019 c/c  Portaria CAT nº 051/2022
166;2208.20.00;02.011.00;BEBIDAS ALCOÓLICAS, EXCETO CERVEJA E CHOPE;11;Pisco;67,13;18;Anexo X da Portaria CAT nº 68/2019 c/c  Portaria CAT nº 051/2022
167;2208.40.00;02.012.00;BEBIDAS ALCOÓLICAS, EXCETO CERVEJA E CHOPE;12;Rum;67,13;18;Anexo X da Portaria CAT nº 68/2019 c/c  Portaria CAT nº 051/2022
168;2206.00.90;02.013.00;BEBIDAS ALCOÓLICAS, EXCETO CERVEJA E CHOPE;13;Saque;67,13;18;Anexo X da Portaria CAT nº 68/2019 c/c  Portaria CAT nº 051/2022
169;2208.90.00;02.014.00;BEBIDAS ALCOÓLICAS, EXCETO CERVEJA E CHOPE;14;Steinhaeger;67,13;18;Anexo X da Portaria CAT nº 68/2019 c/c  Portaria CAT nº 051/2022
170;2208.90.00;02.015.00;BEBIDAS ALCOÓLICAS, EXCETO CERVEJA E CHOPE;15;Tequila;67,13;18;Anexo X da Portaria CAT nº 68/2019 c/c  Portaria CAT nº 051/2022
171;2208.3;02.016.00;BEBIDAS ALCOÓLICAS, EXCETO CERVEJA E CHOPE;16;Uísque;67,13;18;Anexo X da Portaria CAT nº 68/2019 c/c  Portaria CAT nº 051/2022
172;2205;02.017.00;BEBIDAS ALCOÓLICAS, EXCETO CERVEJA E CHOPE;17;Vermute e similares;67,13;18;Anexo X da Portaria CAT nº 68/2019 c/c  Portaria CAT nº 051/2022
173;2208.60.00;02.018.00;BEBIDAS ALCOÓLICAS, EXCETO CERVEJA E CHOPE;18;Vodka;67,13;18;Anexo X da Portaria CAT nº 68/2019 c/c  Portaria CAT nº 051/2022
174;2208.90.00;02.019.00;BEBIDAS ALCOÓLICAS, EXCETO CERVEJA E CHOPE;19;Derivados de vodka;67,13;18;Anexo X da Portaria CAT nº 68/2019 c/c  Portaria CAT nº 051/2022
175;2208.90.00;02.020.00;BEBIDAS ALCOÓLICAS, EXCETO CERVEJA E CHOPE;20;Arak;67,13;18;Anexo X da Portaria CAT nº 68/2019 c/c  Portaria CAT nº 051/2022
176;2208.20.00;02.021.00;BEBIDAS ALCOÓLICAS, EXCETO CERVEJA E CHOPE;21;Aguardente vínica / grappa;67,13;18;Anexo X da Portaria CAT nº 68/2019 c/c  Portaria CAT nº 051/2022
177;2206.00.10;02.022.00;BEBIDAS ALCOÓLICAS, EXCETO CERVEJA E CHOPE;22;Sidra e similares;67,13;18;Anexo X da Portaria CAT nº 68/2019 c/c  Portaria CAT nº 051/2022
178;2205;02.023.00;BEBIDAS ALCOÓLICAS, EXCETO CERVEJA E CHOPE;23;Sangrias e coquetéis;67,13;18;Anexo X da Portaria CAT nº 68/2019 c/c  Portaria CAT nº 051/2022
179;2206.00.90;02.023.00;BEBIDAS ALCOÓLICAS, EXCETO CERVEJA E CHOPE;23;Sangrias e coquetéis;67,13;18;Anexo X da Portaria CAT nº 68/2019 c/c  Portaria CAT nº 051/2022
180;2208.90.00;02.023.00;BEBIDAS ALCOÓLICAS, EXCETO CERVEJA E CHOPE;23;Sangrias e coquetéis;67,13;18;Anexo X da Portaria CAT nº 68/2019 c/c  Portaria CAT nº 051/2022
188;2201.10.00;03.003.00;CERVEJAS, CHOPES, REFRIGERANTES, ÁGUAS E OUTRAS BEBIDAS;3;Água mineral, gasosa ou não, ou potável, naturais, em embalagem de vidro, não retornável, com capacidade de até 300 ml;140;18;Anexo III da Portaria CAT nº 68/2019 c/c Anexo I da Portaria CAT n° 051/2022
190;2201.10.00;03.005.00;CERVEJAS, CHOPES, REFRIGERANTES, ÁGUAS E OUTRAS BEBIDAS;5;Água mineral, gasosa ou não, ou potável, naturais, em copos plásticos e embalagem plástica com capacidade de até 500 ml;58;18;Anexo III da Portaria CAT nº 68/2019 c/c Anexo I da Portaria CAT n° 051/2022
191;2201.10.00;03.006.00;CERVEJAS, CHOPES, REFRIGERANTES, ÁGUAS E OUTRAS BEBIDAS;6;Outras águas minerais, potáveis ou naturais, gasosas ou não, inclusive gaseificadas;40;18;Anexo III da Portaria CAT nº 68/2019 c/c Anexo I da Portaria CAT n° 051/2022
195;2202;03.010.00;CERVEJAS, CHOPES, REFRIGERANTES, ÁGUAS E OUTRAS BEBIDAS;10;Refrigerante em garrafa com capacidade igual ou superior a 600 ml;66;18;Anexo III da Portaria CAT nº 68/2019 c/c Anexo I da Portaria CAT n° 051/2022
196;2202;03.011.00;CERVEJAS, CHOPES, REFRIGERANTES, ÁGUAS E OUTRAS BEBIDAS;11;Demais refrigerantes;66;18;Anexo III da Portaria CAT nº 68/2019 c/c Anexo I da Portaria CAT n° 051/2022
197;2106.90.10;03.012.00;CERVEJAS, CHOPES, REFRIGERANTES, ÁGUAS E OUTRAS BEBIDAS;12;Xarope ou extrato concentrado destinados ao preparo de refrigerante em máquina “pré-mix”ou “post-mix”;140;18;Anexo III da Portaria CAT nº 68/2019 c/c Anexo I da Portaria CAT n° 051/2022
200;2106.90.90;03.015.00;CERVEJAS, CHOPES, REFRIGERANTES, ÁGUAS E OUTRAS BEBIDAS;15;Bebidas hidroeletrolíticas (isotônicas) em embalagem com capacidade inferior a 600ml;66;18;Anexo III da Portaria CAT nº 68/2019 c/c Anexo I da Portaria CAT n° 051/2022
207;2203.00.00;03.021.00;CERVEJAS, CHOPES, REFRIGERANTES, ÁGUAS E OUTRAS BEBIDAS;21;Cerveja;140;18;Anexo III da Portaria CAT nº 68/2019 c/c Anexo I da Portaria CAT n° 051/2022
210;2402;04.001.00;CIGARROS E OUTROS PRODUTOS DERIVADOS DO FUMO;1;Charutos, cigarrilhas e cigarros, de tabaco ou dos seus sucedâneos;50;18;Anexo I da Portaria CAT nº 68/2019 c/c Portaria CAT nº 70/2019
211;2403.1;04.002.00;CIGARROS E OUTROS PRODUTOS DERIVADOS DO FUMO;2;Tabaco para fumar, mesmo contendo sucedâneos de tabaco em qualquer proporção;50;18;Anexo I da Portaria CAT nº 68/2019 c/c Portaria CAT nº 70/2019
212;2523;05.001.00;CIMENTOS;1;Cimento;29,43;18;Item 1 do Anexo II da Portaria CAT nº 68/2019 c/c Portaria CAT nº 05/2020.
213;2207.1;06.001.00;COMBUSTÍVEIS E LUBRIFICANTES;1;Álcool etílico não desnaturado, com um teor alcoólico em volume igual ou superior a 80% vol (álcool etílico anidro combustível e álcool etílico hidratado combustível);168,74;18;ATO COTEPE ICMS/MVA Nº 061/2019
214;2710.12.59;06.002.00;COMBUSTÍVEIS E LUBRIFICANTES;2;Gasolinas, exceto de aviação;168,74;18;ATO COTEPE ICMS/MVA Nº 061/2019
217;2710.19.11;06.005.00;COMBUSTÍVEIS E LUBRIFICANTES;5;Querosene de aviação;40,76;18;ATO COTEPE Nº 061/2019
218;2710.19.2;06.006.00;COMBUSTÍVEIS E LUBRIFICANTES;6;Óleos combustíveis;107,95;18;ATO COTEPE/ICMS  Nº 061/2019
219;2710.19.3;06.007.00;COMBUSTÍVEIS E LUBRIFICANTES;7;Óleos lubrificantes;61,31;18;ATO COTEPE ICMS/MVA Nº 061/2019
223;2711.19.10;06.011.00;COMBUSTÍVEIS E LUBRIFICANTES;11;Gás Liquefeito de Petróleo (GLP);138,55;18;ATO COTEPE Nº 061/2019
231;2716.00.00;07.001.00;ENERGIA ELÉTRICA;1;Energia elétrica;0;18;ARTIGO 425 DO RICMS-SP
232;4016.99.90;08.001.00;FERRAMENTAS;1;Ferramentas de borracha vulcanizada não endurecida;83;18;Anexo XVIII da Portaria CAT nº 68/2019 c/c Portaria CAT nº 46/2020, Portaria SRE n° 064/2022
233;4417.00.10 4417.00.90;08.002.00;FERRAMENTAS;2;Ferramentas, armações e cabos de ferramentas, de madeira;72;18;Anexo XVIII da Portaria CAT nº 68/2019 c/c Portaria CAT nº 46/2020, Portaria SRE n° 064/2022
234;6804;08.003.00;FERRAMENTAS;3;"Mós e artefatos semelhantes, sem armação, para moer, desfibrar, triturar, amolar, polir, retificar ou cortar; pedras para amolar ou para polir, manualmente, e suas partes, de pedras naturais, de abrasivos naturais ou artificiais aglomerados ou de cerâmica, mesmo com partes de outras matérias";53;18;Anexo XVIII da Portaria CAT nº 68/2019 c/c Portaria CAT nº 46/2020, Portaria SRE n° 064/2022
235;8201;08.004.00;FERRAMENTAS;4;"Pás, alviões, picaretas, enxadas, sachos, forcados e forquilhas, ancinhos e raspadeiras; machados, podões e ferramentas semelhantes com gume; tesouras de podar de todos os tipos; foices e foicinhas, facas para feno ou para palha, tesouras para sebes, cunhas e outras ferramentas manuais para agricultura, horticultura ou silvicultura";42;18;Anexo XVIII da Portaria CAT nº 68/2019 c/c Portaria CAT nº 46/2020, Portaria SRE n° 064/2022
238;8202;08.007.00;FERRAMENTAS;7;Serras manuais e outras folhas de serras (incluídas as fresas-serras e as folhas não dentadas para serrar), exceto as classificadas nas posições 8202.20.00 e 8202.91.00;52;18;Anexo XVIII da Portaria CAT nº 68/2019 c/c Portaria CAT nº 46/2020, Portaria SRE n° 064/2022
239;8203;08.008.00;FERRAMENTAS;8;Limas, grosas, alicates (mesmo cortantes), tenazes, pinças, cisalhas para metais, corta-tubos, corta-pinos, saca-bocados e ferramentas semelhantes, manuais, exceto as pinças para sobrancelhas classificadas na posição 8203.20.90;55;18;Anexo XVIII da Portaria CAT nº 68/2019 c/c Portaria CAT nº 46/2020, Portaria SRE n° 064/2022
240;8204;08.009.00;FERRAMENTAS;9;"Chaves de porcas, manuais (incluídas as chaves dinamométricas); chaves de caixa intercambiáveis, mesmo com cabos";51;18;Anexo XVIII da Portaria CAT nº 68/2019 c/c Portaria CAT nº 46/2020, Portaria SRE n° 064/2022
241;8205;08.010.00;FERRAMENTAS;10;"Ferramentas manuais (incluídos os diamantes de vidraceiro) não especificadas nem compreendidas em outras posições, lamparinas ou lâmpadas de soldar (maçaricos) e semelhantes; tornos de apertar, sargentos e semelhantes, exceto os acessórios ou partes de máquinas-ferramentas; bigornas; forjas-portáteis; mós com armação, manuais ou de pedal";61;18;Anexo XVIII da Portaria CAT nº 68/2019 c/c Portaria CAT nº 46/2020, Portaria SRE n° 064/2022
242;8206;08.011.00;FERRAMENTAS;11;Ferramentas de pelo menos duas das posições 8202 a 8205, acondicionadas em sortidos para venda a retalho;48;18;Anexo XVIII da Portaria CAT nº 68/2019 c/c Portaria CAT nº 46/2020, Portaria SRE n° 064/2022
246;8207;08.013.00;FERRAMENTAS;13;Outras ferramentas intercambiáveis para ferramentas manuais, mesmo mecânicas, ou para máquinas-ferramentas (por exemplo, de embutir, estampar, puncionar, furar, tornear, aparafusar), incluídas as fieiras de estiragem ou de extrusão, para metais, e as ferramentas de perfuração ou de sondagem, exceto forma ou gabarito de produtos em epoxy, exceto as classificadas nas posições 8207.40, 8207.60 e 8207.70;62;18;Anexo XVIII da Portaria CAT nº 68/2019 c/c Portaria CAT nº 46/2020, Portaria SRE n° 064/2022
247;8208;08.014.00;FERRAMENTAS;14;Facas e lâminas cortantes, para máquinas ou para aparelhos mecânicos;55;18;Anexo XVIII da Portaria CAT nº 68/2019 c/c Portaria CAT nº 46/2020, Portaria SRE n° 064/2022
249;8209;08.016.00;FERRAMENTAS;16;Outras plaquetas, varetas, pontas e objetos semelhantes para ferramentas, não montados, de ceramais (“cermets”), exceto as classificadas na posição 8209.00.11;103;18;Anexo XVIII da Portaria CAT nº 68/2019 c/c Portaria CAT nº 46/2020, Portaria SRE n° 064/2022
250;8211;08.017.00;FERRAMENTAS;17;Facas (exceto as da posição 8208) de lâmina cortante ou serrilhada, incluídas as podadeiras de lâmina móvel, e suas lâminas, exceto as de uso doméstico;51;18;Anexo XVIII da Portaria CAT nº 68/2019 c/c Portaria CAT nº 46/2020, Portaria SRE n° 064/2022
251;8213;08.018.00;FERRAMENTAS;18;Tesouras e suas lâminas;53;18;Anexo XVIII da Portaria CAT nº 68/2019 c/c Portaria CAT nº 46/2020, Portaria SRE n° 064/2022
252;8467;08.019.00;FERRAMENTAS;19;Ferramentas pneumáticas, hidráulicas ou com motor (elétrico ou não elétrico) incorporado, de uso manual;49;18;Anexo XVIII da Portaria CAT nº 68/2019 c/c Portaria CAT nº 46/2020, Portaria SRE n° 064/2022
253;9015;08.020.00;FERRAMENTAS;20;"Instrumentos e aparelhos de geodésia, topografia, agrimensura, nivelamento, fotogrametria, hidrografia, oceanografia, hidrologia, meteorologia ou de geofísica, exceto bussolas; telêmetros";67;18;Anexo XVIII da Portaria CAT nº 68/2019 c/c Portaria CAT nº 46/2020, Portaria SRE n° 064/2022
254;9015;08.020.00;FERRAMENTAS;20;"Instrumentos e aparelhos de geodésia, topografia, agrimensura, nivelamento, fotogrametria, hidrografia, oceanografia, hidrologia, meteorologia ou de geofísica, exceto bussolas; telêmetros";67;18;Anexo XVIII da Portaria CAT nº 68/2019 c/c Portaria CAT nº 46/2020, Portaria SRE n° 064/2022
255;9017.20.00;08.021.00;FERRAMENTAS;21;"Instrumentos de desenho, de traçado ou de cálculo; metros, micrômetros, paquímetros, calibres e semelhantes; partes e acessórios";63;18;Anexo XVIII da Portaria CAT nº 68/2019 c/c Portaria CAT nº 46/2020, Portaria SRE n° 064/2022
256;9017.3;08.021.00;FERRAMENTAS;21;"Instrumentos de desenho, de traçado ou de cálculo; metros, micrômetros, paquímetros, calibres e semelhantes; partes e acessórios";63;18;Anexo XVIII da Portaria CAT nº 68/2019 c/c Portaria CAT nº 46/2020, Portaria SRE n° 064/2022
257;9017.8;08.021.00;FERRAMENTAS;21;"Instrumentos de desenho, de traçado ou de cálculo; metros, micrômetros, paquímetros, calibres e semelhantes; partes e acessórios";63;18;Anexo XVIII da Portaria CAT nº 68/2019 c/c Portaria CAT nº 46/2020, Portaria SRE n° 064/2022
258;9017.90.90;08.021.00;FERRAMENTAS;21;"Instrumentos de desenho, de traçado ou de cálculo; metros, micrômetros, paquímetros, calibres e semelhantes; partes e acessórios";63;18;Anexo XVIII da Portaria CAT nº 68/2019 c/c Portaria CAT nº 46/2020, Portaria SRE n° 064/2022
260;9025.90.10;08.022.00;FERRAMENTAS;22;Termômetros, suas partes e acessórios;75;18;Anexo XVIII da Portaria CAT nº 68/2019 c/c Portaria CAT nº 46/2020, Portaria SRE n° 064/2022
261;9025.19;08.023.00;FERRAMENTAS;23;Pirômetros, suas partes e acessórios;69;18;Anexo XVIII da Portaria CAT nº 68/2019 c/c Portaria CAT nº 46/2020, Portaria SRE n° 064/2022
262;9025.90.90;08.023.00;FERRAMENTAS;23;Pirômetros, suas partes e acessórios;69;18;Anexo XVIII da Portaria CAT nº 68/2019 c/c Portaria CAT nº 46/2020, Portaria SRE n° 064/2022
263;8539;09.001.00;LÂMPADAS, REATORES E “STARTER”;1;Lâmpadas elétricas;82;18;PORTARIA CAT N° 095/2021
264;8540;09.002.00;LÂMPADAS, REATORES E “STARTER”;2;Lâmpadas eletrônicas;102;18;ART. 313-S DO RICMS/SP E PORTARIA CAT Nº 14/2019 ALTERADA PELA PORTARIA CAT N° 095/2021
265;8504.10.00;09.003.00;LÂMPADAS, REATORES E “STARTER”;3;Reatores para lâmpadas ou tubos de descargas;31;18;ART. 313-S DO RICMS/SP E PORTARIA CAT Nº 14/2019 ALTERADO PELA PORTARIA CAT N° 095/2021
266;8536.5;09.004.00;LÂMPADAS, REATORES E “STARTER”;4;“Starter”;102;18;ART. 313-S DO RICMS/SP E PORTARIA CAT Nº 14/2019 ALTERADA PELA PORTARIA CAT N° 095/2021
268;2522;10.001.00;MATERIAIS DE CONSTRUÇÃO E CONGÊNERES;1;Cal;66;18;Anexo XVII da Portaria CAT nº 68/2019 c/c Portaria CAT nº 55/2021, alterada pela Portaria SRE n° 065/2022
269;3816.00.1;10.002.00;MATERIAIS DE CONSTRUÇÃO E CONGÊNERES;2;Argamassas;75;18;Anexo XVII da Portaria CAT nº 68/2019 c/c Portaria CAT nº 55/2021, alterada pela Portaria SRE n° 065/2022
270;3824.50.00;10.002.00;MATERIAIS DE CONSTRUÇÃO E CONGÊNERES;2;Argamassas;75;18;Anexo XVII da Portaria CAT nº 68/2019 c/c Portaria CAT nº 55/2021, alterada pela Portaria SRE n° 065/2022
271;3214.90.00;10.003.00;MATERIAIS DE CONSTRUÇÃO E CONGÊNERES;3;Outras argamassas;75;18;Anexo XVII da Portaria CAT nº 68/2019 c/c Portaria CAT nº 55/2021, alterada pela Portaria SRE n° 065/2022
272;3910;10.004.00;MATERIAIS DE CONSTRUÇÃO E CONGÊNERES;4;Silicones em formas primárias, para uso na construção;100;18;Anexo XVII da Portaria CAT nº 68/2019 c/c Portaria CAT nº 55/2021, alterada pela Portaria SRE n° 065/2022
273;3916;10.005.00;MATERIAIS DE CONSTRUÇÃO E CONGÊNERES;5;"Revestimentos de PVC e outros plásticos; forro, sancas e afins de PVC, para uso na construção";65;18;Anexo XVII da Portaria CAT nº 68/2019 c/c Portaria CAT nº 55/2021, alterada pela Portaria SRE n° 065/2022
274;3917;10.006.00;MATERIAIS DE CONSTRUÇÃO E CONGÊNERES;6;Tubos, e seus acessórios (por exemplo, juntas, cotovelos, flanges, uniões), de plásticos, para uso na construção;95;18;Anexo XVII da Portaria CAT nº 68/2019 c/c Portaria CAT nº 55/2021, alterada pela Portaria SRE n° 065/2022
275;3918;10.007.00;MATERIAIS DE CONSTRUÇÃO E CONGÊNERES;7;Revestimento de pavimento de PVC e outros plásticos;83;18;Anexo XVII da Portaria CAT nº 68/2019 c/c Portaria CAT nº 55/2021, alterada pela Portaria SRE n° 065/2022
276;3919;10.008.00;MATERIAIS DE CONSTRUÇÃO E CONGÊNERES;8;Chapas, folhas, tiras, fitas, películas e outras formas planas, auto-adesivas, de plásticos, mesmo em rolos, para uso na construção;93;18;Anexo XVII da Portaria CAT nº 68/2019 c/c Portaria CAT nº 55/2021, alterada pela Portaria SRE n° 065/2022
277;3919;10.009.00;MATERIAIS DE CONSTRUÇÃO E CONGÊNERES;9;Veda rosca, lona plástica para uso na construção, fitas isolantes e afins;91;18;Anexo XVII da Portaria CAT nº 68/2019 c/c Portaria CAT nº 55/2021, alterada pela Portaria SRE n° 065/2022
278;3920;10.009.00;MATERIAIS DE CONSTRUÇÃO E CONGÊNERES;9;Veda rosca, lona plástica para uso na construção, fitas isolantes e afins;91;18;Anexo XVII da Portaria CAT nº 68/2019 c/c Portaria CAT nº 55/2021, alterada pela Portaria SRE n° 065/2022
279;3921;10.009.00;MATERIAIS DE CONSTRUÇÃO E CONGÊNERES;9;Veda rosca, lona plástica para uso na construção, fitas isolantes e afins;91;18;Anexo XVII da Portaria CAT nº 68/2019 c/c Portaria CAT nº 55/2021, alterada pela Portaria SRE n° 065/2022
280;3921;10.010.00;MATERIAIS DE CONSTRUÇÃO E CONGÊNERES;10;Telha de plástico, mesmo reforçada com fibra de vidro;128;18;Anexo XVII da Portaria CAT nº 68/2019 c/c Portaria CAT nº 55/2021, alterada pela Portaria SRE n° 065/2022
281;3921;10.011.00;MATERIAIS DE CONSTRUÇÃO E CONGÊNERES;11;Cumeeira de plástico, mesmo reforçada com fibra de vidro;128;18;Anexo XVII da Portaria CAT nº 68/2019 c/c Portaria CAT nº 55/2021, alterada pela Portaria SRE n° 065/2022
282;3921;10.012.00;MATERIAIS DE CONSTRUÇÃO E CONGÊNERES;12;Chapas, laminados plásticos em bobina, para uso na construção, exceto os descritos nos itens 10.0 e 11.0;136;18;Anexo XVII da Portaria CAT nº 68/2019 c/c Portaria CAT nº 55/2021, alterada pela Portaria SRE n° 065/2022
283;3922;10.013.00;MATERIAIS DE CONSTRUÇÃO E CONGÊNERES;13;Banheiras, boxes para chuveiros, pias, lavatórios, bidês, sanitários e seus assentos e tampas, caixas de descarga e artigos semelhantes para usos sanitários ou higiênicos, de plásticos;82;18;Anexo XVII da Portaria CAT nº 68/2019 c/c Portaria CAT nº 55/2021, alterada pela Portaria SRE n° 065/2022
284;3924;10.014.00;MATERIAIS DE CONSTRUÇÃO E CONGÊNERES;14;Artefatos de higiene/toucador de plástico, para uso na construção;128;18;Anexo XVII da Portaria CAT nº 68/2019 c/c Portaria CAT nº 55/2021, alterada pela Portaria SRE n° 065/2022
285;3925.10.00;10.015.00;MATERIAIS DE CONSTRUÇÃO E CONGÊNERES;15;Caixa d’água, inclusive sua tampa, de plástico, mesmo reforçadas com fibra de vidro;62;18;Anexo XVII da Portaria CAT nº 68/2019 c/c Portaria CAT nº 55/2021, alterada pela Portaria SRE n° 065/2022
286;3925.9;10.016.00;MATERIAIS DE CONSTRUÇÃO E CONGÊNERES;16;Outras telhas, cumeeira e caixa d’água, inclusive sua tampa, de plástico, mesmo reforçadas com fibra de vidro;61;18;Anexo XVII da Portaria CAT nº 68/2019 c/c Portaria CAT nº 55/2021, alterada pela Portaria SRE n° 065/2022
289;3925.20.00;10.018.00;MATERIAIS DE CONSTRUÇÃO E CONGÊNERES;18;Portas, janelas e seus caixilhos, alizares e soleiras;72;18;Anexo XVII da Portaria CAT nº 68/2019 c/c Portaria CAT nº 55/2021, alterada pela Portaria SRE n° 065/2022
291;3926.9;10.020.00;MATERIAIS DE CONSTRUÇÃO E CONGÊNERES;20;Outras obras de plástico, para uso na construção;86;18;Anexo XVII da Portaria CAT nº 68/2019 c/c Portaria CAT nº 55/2021, alterada pela Portaria SRE n° 065/2022
292;4814;10.021.00;MATERIAIS DE CONSTRUÇÃO E CONGÊNERES;21;"Papel de parede e revestimentos de parede semelhantes; papel para vitrais";128;18;Anexo XVII da Portaria CAT nº 68/2019 c/c Portaria CAT nº 55/2021, alterada pela Portaria SRE n° 065/2022
293;6810.19.00;10.022.00;MATERIAIS DE CONSTRUÇÃO E CONGÊNERES;22;Telhas de concreto;67;18;Anexo XVII da Portaria CAT nº 68/2019 c/c Portaria CAT nº 55/2021, alterada pela Portaria SRE n° 065/2022
295;6811;10.024.00;MATERIAIS DE CONSTRUÇÃO E CONGÊNERES;24;Caixas d’água, tanques e reservatórios e suas tampas, telhas, calhas, cumeeiras e afins, de fibrocimento, cimento-celulose ou semelhantes, contendo ou não amianto, exceto os descritos no item 23.0;69;18;Anexo XVII da Portaria CAT nº 68/2019 c/c Portaria CAT nº 55/2021, alterada pela Portaria SRE n° 065/2022
296;6901.00.00;10.025.00;MATERIAIS DE CONSTRUÇÃO E CONGÊNERES;25;Tijolos, placas (lajes), ladrilhos e outras peças cerâmicas de farinhas siliciosas fósseis (“kieselghur”, tripolita, diatomita, por exemplo) ou de terras siliciosas semelhantes;128;18;Anexo XVII da Portaria CAT nº 68/2019 c/c Portaria CAT nº 55/2021, alterada pela Portaria SRE n° 065/2022
297;6902;10.026.00;MATERIAIS DE CONSTRUÇÃO E CONGÊNERES;26;Tijolos, placas (lajes), ladrilhos e peças cerâmicas semelhantes, para uso na construção, refratários, que não sejam de farinhas siliciosas fósseis nem de terras siliciosas semelhantes;128;18;Anexo XVII da Portaria CAT nº 68/2019 c/c Portaria CAT nº 55/2021, alterada pela Portaria SRE n° 065/2022
298;6904;10.027.00;MATERIAIS DE CONSTRUÇÃO E CONGÊNERES;27;Tijolos para construção, tijoleiras, tapa-vigas e produtos semelhantes, de cerâmica;67;18;Anexo XVII da Portaria CAT nº 68/2019 c/c Portaria CAT nº 55/2021, alterada pela Portaria SRE n° 065/2022
299;6905;10.028.00;MATERIAIS DE CONSTRUÇÃO E CONGÊNERES;28;Telhas, elementos de chaminés, condutores de fumaça, ornamentos arquitetônicos, de cerâmica, e outros produtos cerâmicos para uso na construção;77;18;Anexo XVII da Portaria CAT nº 68/2019 c/c Portaria CAT nº 55/2021, alterada pela Portaria SRE n° 065/2022
300;6906.00.00;10.029.00;MATERIAIS DE CONSTRUÇÃO E CONGÊNERES;29;Tubos, calhas ou algerozes e acessórios para canalizações, de cerâmica;128;18;Anexo XVII da Portaria CAT nº 68/2019 c/c Portaria CAT nº 55/2021, alterada pela Portaria SRE n° 065/2022
